{"actions":[],"apps":[{"acl":{"app":[],"field":[],"record":[]},"app":null,"category":{"categories":[],"useCategory":"false"},"form":{"layout":"[{\"id\":null,\"type\":\"ROW\",\"isSubTable\":false,\"var\":null,\"label\":null,\"controlList\":[{\"label\":\"\\u003Cdiv\\u003EStaff Information\\u003C/div\\u003E\",\"styleMap\":{\"width\":134},\"formatted\":\"\\u003Cdiv\\u003EStaff Information\\u003C/div\\u003E\",\"type\":\"LABEL\"}]},{\"id\":null,\"type\":\"ROW\",\"isSubTable\":false,\"var\":null,\"label\":null,\"controlList\":[{\"isVirtical\":true,\"styleMap\":{\"width\":193},\"type\":\"SINGLE_LINE_TEXT\",\"var\":\"Staff_Name\",\"label\":\"Staff Name\"},{\"isVirtical\":true,\"styleMap\":{\"width\":193},\"type\":\"SINGLE_LINE_TEXT\",\"var\":\"Login_Name\",\"label\":\"Login Name\"}]},{\"id\":null,\"type\":\"ROW\",\"isSubTable\":false,\"var\":null,\"label\":null,\"controlList\":[{\"styleMap\":{\"width\":470},\"type\":\"HR\"}]},{\"id\":null,\"type\":\"ROW\",\"isSubTable\":false,\"var\":null,\"label\":null,\"controlList\":[{\"label\":\"\\u003Cdiv\\u003EWorkload Info\\u003C/div\\u003E\",\"styleMap\":{\"width\":118},\"formatted\":\"\\u003Cdiv\\u003EWorkload Info\\u003C/div\\u003E\",\"type\":\"LABEL\"}]},{\"id\":null,\"type\":\"ROW\",\"isSubTable\":false,\"var\":null,\"label\":null,\"controlList\":[{\"isVirtical\":true,\"styleMap\":{\"width\":193},\"type\":\"DECIMAL\",\"var\":\"Workload\",\"label\":\"Workload\"},{\"isVirtical\":true,\"styleMap\":{\"width\":193},\"type\":\"DECIMAL\",\"var\":\"Expertise_Score\",\"label\":\"Expertise Score\"}]}]","revision":null},"iconMeta":{"internalName":null,"mime":"image/png","name":"partners.png"},"info":{"automaticallyChooseTitleComponent":"true","code":null,"decimalPrecision":"16","decimalScale":"4","description":"","enableBulkDeletion":"false","enableRecordReuse":"true","fiscalYearStartMonth":"1","iconKey":"9666","iconType":"BLOB","jsFiles":null,"jsScope":"ALL","name":"Purchasing Departments","roundingMode":"HALF_EVEN","theme":"PLAIN","titleComponentLocalId":null,"useComment":"true","useHistory":"true","useInlineEditAndDelete":"true","useThumbnail":"true"},"jsFiles":[],"notification":{"appNotifications":[{"events":["RECORD_COMMENT_ADDED"],"target":{"entityId":"9328","entityType":"FIELD_ENTITY","includeSubs":"false"}},{"events":["RECORD_COMMENT_ADDED"],"target":{"entityId":"9329","entityType":"FIELD_ENTITY","includeSubs":"false"}}],"recordNotifications":[],"reminderTimezone":null,"reminders":[],"useComment":"true","useReminder":"false"},"plugins":[],"reports":[],"resource":{"tables":[{"rows":[{"fields":[],"objectId":"0","subObjectId":"-1"}],"type":"AppName"},{"rows":[{"fields":[],"objectId":"0","subObjectId":"-1"}],"type":"AppDescription"},{"rows":[{"fields":[],"objectId":"9327","subObjectId":"-1"},{"fields":[],"objectId":"9328","subObjectId":"-1"},{"fields":[],"objectId":"9329","subObjectId":"-1"},{"fields":[],"objectId":"9330","subObjectId":"-1"},{"fields":[],"objectId":"9331","subObjectId":"-1"},{"fields":[],"objectId":"9332","subObjectId":"-1"},{"fields":[],"objectId":"9333","subObjectId":"-1"},{"fields":[],"objectId":"9334","subObjectId":"-1"},{"fields":[],"objectId":"9335","subObjectId":"-1"},{"fields":[],"objectId":"9336","subObjectId":"-1"},{"fields":[],"objectId":"9338","subObjectId":"-1"},{"fields":[],"objectId":"9339","subObjectId":"-1"}],"type":"FieldLabel"},{"rows":[{"fields":[],"objectId":"20","subObjectId":"-1"}],"type":"ViewName"},{"rows":[],"type":"CategoryName"}]},"schema":{"groups":[],"revision":null,"subTable":{},"table":{"fieldList":{"9327":{"id":"9327","label":"Record number","properties":{"noLabel":"false","required":"true"},"type":"RECORD_ID","var":"Record_number"},"9328":{"id":"9328","label":"Updated by","properties":{"noLabel":"false","required":"true"},"type":"MODIFIER","var":"Updated_by"},"9329":{"id":"9329","label":"Created by","properties":{"noLabel":"false","required":"true"},"type":"CREATOR","var":"Created_by"},"9330":{"id":"9330","label":"Updated datetime","properties":{"noLabel":"false","required":"true"},"type":"MODIFIED_AT","var":"Updated_datetime"},"9331":{"id":"9331","label":"Created datetime","properties":{"noLabel":"false","required":"true"},"type":"CREATED_AT","var":"Created_datetime"},"9332":{"id":"9332","label":"Status","properties":{"noLabel":"false","required":"false"},"type":"STATUS","var":"Status"},"9333":{"id":"9333","label":"Assignee","properties":{"noLabel":"false","required":"false"},"type":"STATUS_ASSIGNEE","var":"Assignee"},"9334":{"id":"9334","label":"Categories","properties":{"noLabel":"false","required":"false"},"type":"CATEGORY","var":"Categories"},"9335":{"id":"9335","label":"Staff Name","properties":{"defaultValue":"","expression":"","hideExpression":"false","max":null,"min":null,"noLabel":"false","required":"false","unique":"false"},"type":"SINGLE_LINE_TEXT","var":"Staff_Name"},"9336":{"id":"9336","label":"Login Name","properties":{"defaultValue":"","expression":"","hideExpression":"false","max":null,"min":null,"noLabel":"false","required":"false","unique":"false"},"type":"SINGLE_LINE_TEXT","var":"Login_Name"},"9338":{"id":"9338","label":"Workload","properties":{"defaultValue":null,"digit":"false","displayScale":null,"max":null,"min":null,"noLabel":"false","required":"false","roundingMode":null,"scale":null,"unique":"false","unit":"","unitPosition":"BEFORE"},"type":"DECIMAL","var":"Workload"},"9339":{"id":"9339","label":"Expertise Score","properties":{"defaultValue":null,"digit":"false","displayScale":null,"max":null,"min":null,"noLabel":"false","required":"false","roundingMode":null,"scale":null,"unique":"false","unit":"","unitPosition":"BEFORE"},"type":"DECIMAL","var":"Expertise_Score"}},"id":"1","label":"__ROOT__","properties":null,"var":"__ROOT__"}},"settingsNotesForm":{"content":null,"willBeInherited":null},"status":{"actions":[],"filters":[],"initialStateId":null,"states":[],"useStatus":"false"},"uuid":"89062a2a-32bd-43e4-858d-a311ddc1fb86","views":[{"advancedMode":null,"builtinType":"ALL","device":null,"fields":[{"row":[{"columnWidth":null,"id":"9327"},{"columnWidth":null,"id":"9335"},{"columnWidth":null,"id":"9336"},{"columnWidth":null,"id":"9338"},{"columnWidth":null,"id":"9339"}]}],"filter":{"category":null,"offset":null,"order":[],"q":null,"size":null,"sort":[]},"html":null,"keyFieldId":null,"name":"(All records)","pager":null,"revision":null,"titleFieldId":null,"view":"20","viewType":"LIST"}]}],"description":"The app template that will be the master data of the purchasing departments that will be becoming assignee of purchase order, consist of login name, staff name, workload and expertise","iconKey":"20240628032406CB64AFC373A84AC092DA9C9CF3B1FD5D014","iconMeta":{"internalName":null,"mime":"image/png","name":"partners.png"},"iconSrcAppId":"89062a2a-32bd-43e4-858d-a311ddc1fb86","iconType":"BLOB","imagesMeta":[],"lookups":[],"name":"Purchasing Departments","references":[],"version":"41"}