{"actions":[],"apps":[{"acl":{"app":[],"field":[],"record":[]},"app":null,"category":{"categories":[],"useCategory":"false"},"form":{"layout":"[{\"id\":null,\"type\":\"ROW\",\"isSubTable\":false,\"var\":null,\"label\":null,\"controlList\":[{\"styleMap\":{\"width\":117,\"height\":66},\"elementId\":\"Update_Assignee\",\"type\":\"SPACER\"}]},{\"id\":null,\"type\":\"ROW\",\"isSubTable\":false,\"var\":null,\"label\":null,\"controlList\":[{\"isVirtical\":true,\"styleMap\":{\"width\":212},\"type\":\"SINGLE_LINE_TEXT\",\"var\":\"Po_Number\",\"label\":\"PO Number\"},{\"isVirtical\":true,\"styleMap\":{\"width\":117},\"type\":\"DATE\",\"var\":\"Date\",\"label\":\"Date\"}]},{\"id\":null,\"type\":\"ROW\",\"isSubTable\":false,\"var\":null,\"label\":null,\"controlList\":[{\"isVirtical\":true,\"styleMap\":{},\"canvasData\":[{\"id\":null,\"type\":\"ROW\",\"isSubTable\":false,\"var\":null,\"label\":null,\"controlList\":[{\"isVirtical\":true,\"styleMap\":{\"width\":193},\"type\":\"DATE\",\"var\":\"Start_Date\",\"label\":\"Start Date\"},{\"isVirtical\":true,\"styleMap\":{\"width\":189},\"type\":\"DATE\",\"var\":\"Cancel_Date\",\"label\":\"Cancel Date\"},{\"isVirtical\":true,\"styleMap\":{\"width\":193},\"type\":\"SINGLE_LINE_TEXT\",\"var\":\"Ordered_By\",\"label\":\"Ordered By\"}]},{\"id\":null,\"type\":\"ROW\",\"isSubTable\":false,\"var\":null,\"label\":null,\"controlList\":[{\"isVirtical\":true,\"styleMap\":{\"width\":193},\"type\":\"SINGLE_LINE_TEXT\",\"var\":\"Shipped_Via\",\"label\":\"Shipped Via\"},{\"isVirtical\":true,\"styleMap\":{\"width\":193},\"type\":\"SINGLE_LINE_TEXT\",\"var\":\"Fob\",\"label\":\"FOB\"},{\"isVirtical\":true,\"styleMap\":{\"width\":193},\"type\":\"SINGLE_LINE_TEXT\",\"var\":\"Terms\",\"label\":\"Terms\"}]}],\"type\":\"GROUP\",\"var\":\"Order_Detail\",\"label\":\"Order Detail\"}]},{\"id\":null,\"type\":\"ROW\",\"isSubTable\":false,\"var\":null,\"label\":null,\"controlList\":[{\"isVirtical\":true,\"styleMap\":{},\"canvasData\":[{\"id\":null,\"type\":\"ROW\",\"isSubTable\":false,\"var\":null,\"label\":null,\"controlList\":[{\"isVirtical\":true,\"styleMap\":{\"width\":256},\"type\":\"SINGLE_LINE_TEXT\",\"var\":\"Customer_Name\",\"label\":\"Customer Name\"},{\"isVirtical\":true,\"styleMap\":{\"width\":256},\"type\":\"SINGLE_LINE_TEXT\",\"var\":\"Bill_To\",\"label\":\"Bill To\"},{\"isVirtical\":true,\"styleMap\":{\"width\":269},\"type\":\"SINGLE_LINE_TEXT\",\"var\":\"Deliver_To\",\"label\":\"Deliver To\"}]},{\"id\":null,\"type\":\"ROW\",\"isSubTable\":false,\"var\":null,\"label\":null,\"controlList\":[{\"isVirtical\":true,\"styleMap\":{\"width\":256},\"type\":\"SINGLE_LINE_TEXT\",\"var\":\"Customer_Company_Name\",\"label\":\"Customer Company Name\"},{\"isVirtical\":true,\"styleMap\":{\"width\":256},\"type\":\"SINGLE_LINE_TEXT\",\"var\":\"Bill_To_Company\",\"label\":\"Bill To Company\"},{\"isVirtical\":true,\"styleMap\":{\"width\":269},\"type\":\"SINGLE_LINE_TEXT\",\"var\":\"Deliver_To_Company\",\"label\":\"Deliver To Company\"}]},{\"id\":null,\"type\":\"ROW\",\"isSubTable\":false,\"var\":null,\"label\":null,\"controlList\":[{\"isVirtical\":true,\"styleMap\":{\"width\":256,\"height\":162,\"innerHeight\":125},\"type\":\"MULTIPLE_LINE_TEXT\",\"var\":\"Customer_Address\",\"label\":\"Customer Address\"},{\"isVirtical\":true,\"styleMap\":{\"width\":256,\"height\":162,\"innerHeight\":125},\"type\":\"MULTIPLE_LINE_TEXT\",\"var\":\"Bill_Address\",\"label\":\"Bill Address\"},{\"isVirtical\":true,\"styleMap\":{\"width\":269,\"height\":162,\"innerHeight\":125},\"type\":\"MULTIPLE_LINE_TEXT\",\"var\":\"Delivery_Address\",\"label\":\"Delivery Address\"}]}],\"type\":\"GROUP\",\"var\":\"Order_Info\",\"label\":\"Order Info\"}]},{\"id\":\"9319\",\"type\":\"SUBTABLE\",\"isSubTable\":true,\"var\":\"Order_List\",\"label\":\"Order List\",\"controlList\":[{\"isVirtical\":true,\"styleMap\":{\"width\":193},\"type\":\"DECIMAL\",\"var\":\"Unit\",\"label\":\"Unit\"},{\"isVirtical\":true,\"styleMap\":{\"width\":417},\"type\":\"SINGLE_LINE_TEXT\",\"var\":\"Description\",\"label\":\"Description\"},{\"isVirtical\":true,\"styleMap\":{\"width\":144},\"type\":\"DECIMAL\",\"var\":\"Unit_Price\",\"label\":\"Unit Price ($)\"},{\"isVirtical\":true,\"styleMap\":{\"width\":137},\"type\":\"DECIMAL\",\"var\":\"Amount\",\"label\":\"Amount ($)\"}]},{\"id\":null,\"type\":\"ROW\",\"isSubTable\":false,\"var\":null,\"label\":null,\"controlList\":[{\"isVirtical\":true,\"styleMap\":{\"width\":193},\"type\":\"CALC\",\"var\":\"Subtotal\",\"label\":\"Subtotal ($)\"},{\"isVirtical\":true,\"styleMap\":{\"width\":193},\"type\":\"CALC\",\"var\":\"Sales_Tax\",\"label\":\"Sales Tax ($)\"},{\"isVirtical\":true,\"styleMap\":{\"width\":193},\"type\":\"CALC\",\"var\":\"Total_Amount\",\"label\":\"Total Amount ($)\"}]},{\"id\":null,\"type\":\"ROW\",\"isSubTable\":false,\"var\":null,\"label\":null,\"controlList\":[{\"isVirtical\":true,\"styleMap\":{},\"canvasData\":[{\"id\":null,\"type\":\"ROW\",\"isSubTable\":false,\"var\":null,\"label\":null,\"controlList\":[{\"isVirtical\":true,\"styleMap\":{\"width\":152},\"type\":\"DATE\",\"var\":\"PO_Received_Date\",\"label\":\"PO Received Date\"},{\"isVirtical\":true,\"styleMap\":{\"width\":167},\"type\":\"DATE\",\"var\":\"Deadline_In_Progress\",\"label\":\"Deadline In Progress\"},{\"isVirtical\":true,\"styleMap\":{\"width\":210},\"type\":\"DATE\",\"var\":\"Deadline_Awaiting_Shipment\",\"label\":\"Deadline Awaiting Shipment\"},{\"isVirtical\":true,\"styleMap\":{\"width\":210},\"type\":\"DATE\",\"var\":\"Deadline_Resolved\",\"label\":\"Deadline Resolved\"}]}],\"type\":\"GROUP\",\"var\":\"deadline_info\",\"label\":\"DEADLINE INFO\"}]},{\"id\":null,\"type\":\"ROW\",\"isSubTable\":false,\"var\":null,\"label\":null,\"controlList\":[{\"isVirtical\":true,\"styleMap\":{},\"canvasData\":[{\"id\":null,\"type\":\"ROW\",\"isSubTable\":false,\"var\":null,\"label\":null,\"controlList\":[{\"isVirtical\":true,\"styleMap\":{\"width\":150},\"type\":\"DATE\",\"var\":\"Actual_In_Progress\",\"label\":\"Actual In Progress\"},{\"isVirtical\":true,\"styleMap\":{\"width\":194},\"type\":\"DATE\",\"var\":\"Actual_Awaiting_Shipment\",\"label\":\"Actual Awaiting Shipment\"},{\"isVirtical\":true,\"styleMap\":{\"width\":137},\"type\":\"DATE\",\"var\":\"Actual_Resolved\",\"label\":\"Actual Resolved\"}]},{\"id\":null,\"type\":\"ROW\",\"isSubTable\":false,\"var\":null,\"label\":null,\"controlList\":[{\"isVirtical\":true,\"styleMap\":{\"width\":150},\"type\":\"DECIMAL\",\"var\":\"Time_In_Progress\",\"label\":\"Time In Progress\"},{\"isVirtical\":true,\"styleMap\":{\"width\":194},\"type\":\"DECIMAL\",\"var\":\"Time_Awaiting_Shipment\",\"label\":\"Time Awaiting Shipment\"},{\"isVirtical\":true,\"styleMap\":{\"width\":150},\"type\":\"DECIMAL\",\"var\":\"Time_Resolved\",\"label\":\"Time Resolved\"}]},{\"id\":null,\"type\":\"ROW\",\"isSubTable\":false,\"var\":null,\"label\":null,\"controlList\":[{\"isVirtical\":true,\"styleMap\":{\"width\":193},\"type\":\"CALC\",\"var\":\"Total_Time\",\"label\":\"Total Time\"},{\"isVirtical\":true,\"styleMap\":{\"width\":344},\"type\":\"USER_SELECT\",\"var\":\"customAssignee\",\"label\":\"Assignee\"}]}],\"type\":\"GROUP\",\"var\":\"Process_Duration\",\"label\":\"Process Duration\"}]}]","revision":null},"iconMeta":{"internalName":null,"mime":"image/png","name":"target.png"},"info":{"automaticallyChooseTitleComponent":"true","code":null,"decimalPrecision":"16","decimalScale":"4","description":"","enableBulkDeletion":"false","enableRecordReuse":"true","fiscalYearStartMonth":"1","iconKey":"9686","iconType":"BLOB","jsFiles":null,"jsScope":"ALL","name":"Purchase Order APP","roundingMode":"HALF_EVEN","theme":"BLACK","titleComponentLocalId":null,"useComment":"true","useHistory":"true","useInlineEditAndDelete":"true","useThumbnail":"true"},"jsFiles":[{"jsFileMetas":[{"internalName":null,"locationType":"URL","mime":null,"name":null,"url":"https://js.kintone.com/jquery/3.5.1/jquery.min.js"},{"internalName":null,"locationType":"URL","mime":null,"name":null,"url":"https://js.kintone.com/spinjs/2.3.2/spin.min.js"},{"internalName":null,"locationType":"URL","mime":null,"name":null,"url":"https://js.kintone.com/sweetalert2/v9.10.7/sweetalert2.min.js"},{"internalName":null,"locationType":"URL","mime":null,"name":null,"url":"https://js.kintone.com/luxon/2.0.1/luxon.min.js"},{"internalName":null,"locationType":"URL","mime":null,"name":null,"url":"https://js.kintone.com/jqueryui/1.13.2/jquery-ui.min.js"},{"internalName":null,"locationType":"URL","mime":null,"name":null,"url":"https://unpkg.com/@kintone/rest-api-client@latest/umd/KintoneRestAPIClient.min.js"},{"internalName":null,"locationType":"URL","mime":null,"name":null,"url":"https://js.kintone.com/datatables/v1.10.20/js/jquery.dataTables.min.js"},{"internalName":null,"locationType":"URL","mime":null,"name":null,"url":"https://unpkg.com/kintone-ui-component/umd/kuc.min.js"},{"internalName":null,"locationType":"URL","mime":null,"name":null,"url":"https://cdn.jsdelivr.net/npm/bootstrap@4.0.0/dist/js/bootstrap.min.js"},{"internalName":null,"locationType":"BLOB","mime":"application/javascript","name":"init.js","url":null},{"internalName":null,"locationType":"BLOB","mime":"application/javascript","name":"functions.js","url":null},{"internalName":null,"locationType":"BLOB","mime":"application/javascript","name":"main.js","url":null}],"jsType":"DESKTOP"},{"jsFileMetas":[{"internalName":null,"locationType":"URL","mime":null,"name":null,"url":"https://js.kintone.com/sweetalert2/v9.10.7/sweetalert2.min.css"},{"internalName":null,"locationType":"URL","mime":null,"name":null,"url":"https://js.kintone.com/jqueryui/1.13.2/themes/smoothness/jquery-ui.css"},{"internalName":null,"locationType":"URL","mime":null,"name":null,"url":"https://js.kintone.com/datatables/v1.10.20/css/jquery.dataTables.min.css"},{"internalName":null,"locationType":"URL","mime":null,"name":null,"url":"https://cdn.jsdelivr.net/npm/bootstrap@4.0.0/dist/css/bootstrap.min.css"}],"jsType":"MOBILE_CSS"},{"jsFileMetas":[{"internalName":null,"locationType":"URL","mime":null,"name":null,"url":"https://js.kintone.com/jquery/3.5.1/jquery.min.js"},{"internalName":null,"locationType":"URL","mime":null,"name":null,"url":"https://js.kintone.com/spinjs/2.3.2/spin.min.js"},{"internalName":null,"locationType":"URL","mime":null,"name":null,"url":"https://js.kintone.com/sweetalert2/v9.10.7/sweetalert2.min.js"},{"internalName":null,"locationType":"URL","mime":null,"name":null,"url":"https://js.kintone.com/luxon/2.0.1/luxon.min.js"},{"internalName":null,"locationType":"URL","mime":null,"name":null,"url":"https://js.kintone.com/jqueryui/1.13.2/jquery-ui.min.js"},{"internalName":null,"locationType":"URL","mime":null,"name":null,"url":"https://unpkg.com/@kintone/rest-api-client@latest/umd/KintoneRestAPIClient.min.js"},{"internalName":null,"locationType":"URL","mime":null,"name":null,"url":"https://js.kintone.com/datatables/v1.10.20/js/jquery.dataTables.min.js"},{"internalName":null,"locationType":"URL","mime":null,"name":null,"url":"https://unpkg.com/kintone-ui-component/umd/kuc.min.js"},{"internalName":null,"locationType":"BLOB","mime":"application/javascript","name":"init.js","url":null},{"internalName":null,"locationType":"BLOB","mime":"application/javascript","name":"functions.js","url":null},{"internalName":null,"locationType":"BLOB","mime":"application/javascript","name":"main.js","url":null}],"jsType":"MOBILE"},{"jsFileMetas":[{"internalName":null,"locationType":"URL","mime":null,"name":null,"url":"https://js.kintone.com/sweetalert2/v9.10.7/sweetalert2.min.css"},{"internalName":null,"locationType":"URL","mime":null,"name":null,"url":"https://js.kintone.com/jqueryui/1.13.2/themes/smoothness/jquery-ui.css"},{"internalName":null,"locationType":"URL","mime":null,"name":null,"url":"https://js.kintone.com/datatables/v1.10.20/css/jquery.dataTables.min.css"},{"internalName":null,"locationType":"URL","mime":null,"name":null,"url":"https://cdn.jsdelivr.net/npm/bootstrap@4.0.0/dist/css/bootstrap.min.css"}],"jsType":"DESKTOP_CSS"}],"notification":{"appNotifications":[{"events":["RECORD_COMMENT_ADDED"],"target":{"entityId":"9283","entityType":"FIELD_ENTITY","includeSubs":"false"}},{"events":["RECORD_COMMENT_ADDED"],"target":{"entityId":"9284","entityType":"FIELD_ENTITY","includeSubs":"false"}},{"events":["RECORD_STATUS_UPDATED"],"target":{"entityId":"9288","entityType":"FIELD_ENTITY","includeSubs":"false"}}],"recordNotifications":[],"reminderTimezone":"Asia/Bangkok","reminders":[{"entities":[{"entityId":"9288","entityType":"FIELD_ENTITY","includeSubs":"false"}],"filterCond":"f9287 not in (\"9359\")","timing":{"dayDiff":"1","dayDiffType":"BEFORE","field":"9342","hourDiff":"0","hourDiffType":"BEFORE","time":"07:00"},"title":""},{"entities":[{"entityId":"9288","entityType":"FIELD_ENTITY","includeSubs":"false"}],"filterCond":"f9287 not in (\"9359\")","timing":{"dayDiff":"1","dayDiffType":"BEFORE","field":"9341","hourDiff":"0","hourDiffType":"BEFORE","time":"08:00"},"title":""},{"entities":[{"entityId":"9288","entityType":"FIELD_ENTITY","includeSubs":"false"}],"filterCond":"f9287 not in (\"9359\")","timing":{"dayDiff":"1","dayDiffType":"BEFORE","field":"9343","hourDiff":"0","hourDiffType":"BEFORE","time":"09:00"},"title":"One of the Purchase Order Approaching Deadline."}],"useComment":"true","useReminder":"true"},"plugins":[{"enabled":"false","id":"chogclnldlajpflpondokfaadgpnplhn"}],"reports":[{"advancedMode":"false","filter":{"category":null,"offset":null,"order":[],"q":"f9287 in (\"9359\")","size":null,"sort":[]},"isAborted":null,"name":"Average Time per Person","processType":null,"report":"9380","reportType":"SUBTOTAL","revision":null,"settings":"{\"groups\":[{\"id\":\"9378\",\"op\":null}],\"summaries\":[{\"op\":\"AVERAGE\",\"id\":\"9375\"}],\"chartType\":\"pie\",\"sort\":[\"s0\"],\"order\":[\"DESC\"]}","tallyPeriod":null,"tallyStartDateTime":null},{"advancedMode":"false","filter":{"category":null,"offset":null,"order":[],"q":null,"size":null,"sort":[]},"isAborted":null,"name":"Status per Person","processType":null,"report":"9382","reportType":"SUBTOTAL","revision":null,"settings":"{\"groups\":[{\"id\":\"9378\",\"op\":null},{\"id\":\"9287\",\"op\":null}],\"summaries\":[{\"op\":\"COUNT\",\"id\":null}],\"chartType\":\"column\",\"stackType\":\"clustered\",\"sort\":[\"s0\"],\"order\":[\"DESC\"]}","tallyPeriod":null,"tallyStartDateTime":null}],"resource":{"tables":[{"rows":[{"fields":[],"objectId":"0","subObjectId":"-1"}],"type":"AppName"},{"rows":[{"fields":[],"objectId":"0","subObjectId":"-1"}],"type":"AppDescription"},{"rows":[{"fields":[],"objectId":"9282","subObjectId":"-1"},{"fields":[],"objectId":"9283","subObjectId":"-1"},{"fields":[],"objectId":"9284","subObjectId":"-1"},{"fields":[],"objectId":"9285","subObjectId":"-1"},{"fields":[],"objectId":"9286","subObjectId":"-1"},{"fields":[],"objectId":"9287","subObjectId":"-1"},{"fields":[],"objectId":"9288","subObjectId":"-1"},{"fields":[],"objectId":"9289","subObjectId":"-1"},{"fields":[],"objectId":"9291","subObjectId":"-1"},{"fields":[],"objectId":"9294","subObjectId":"-1"},{"fields":[],"objectId":"9295","subObjectId":"-1"},{"fields":[],"objectId":"9296","subObjectId":"-1"},{"fields":[],"objectId":"9297","subObjectId":"-1"},{"fields":[],"objectId":"9298","subObjectId":"-1"},{"fields":[],"objectId":"9299","subObjectId":"-1"},{"fields":[],"objectId":"9301","subObjectId":"-1"},{"fields":[],"objectId":"9302","subObjectId":"-1"},{"fields":[],"objectId":"9303","subObjectId":"-1"},{"fields":[],"objectId":"9304","subObjectId":"-1"},{"fields":[],"objectId":"9305","subObjectId":"-1"},{"fields":[],"objectId":"9306","subObjectId":"-1"},{"fields":[],"objectId":"9307","subObjectId":"-1"},{"fields":[],"objectId":"9308","subObjectId":"-1"},{"fields":[],"objectId":"9309","subObjectId":"-1"},{"fields":[],"objectId":"9310","subObjectId":"-1"},{"fields":[],"objectId":"9319","subObjectId":"-1"},{"fields":[],"objectId":"9315","subObjectId":"-1"},{"fields":[],"objectId":"9316","subObjectId":"-1"},{"fields":[],"objectId":"9317","subObjectId":"-1"},{"fields":[],"objectId":"9318","subObjectId":"-1"},{"fields":[],"objectId":"9321","subObjectId":"-1"},{"fields":[],"objectId":"9322","subObjectId":"-1"},{"fields":[],"objectId":"9323","subObjectId":"-1"},{"fields":[],"objectId":"9341","subObjectId":"-1"},{"fields":[],"objectId":"9342","subObjectId":"-1"},{"fields":[],"objectId":"9343","subObjectId":"-1"},{"fields":[],"objectId":"9353","subObjectId":"-1"},{"fields":[],"objectId":"9366","subObjectId":"-1"},{"fields":[],"objectId":"9367","subObjectId":"-1"},{"fields":[],"objectId":"9368","subObjectId":"-1"},{"fields":[],"objectId":"9369","subObjectId":"-1"},{"fields":[],"objectId":"9370","subObjectId":"-1"},{"fields":[],"objectId":"9371","subObjectId":"-1"},{"fields":[],"objectId":"9375","subObjectId":"-1"},{"fields":[],"objectId":"9378","subObjectId":"-1"}],"type":"FieldLabel"},{"rows":[{"fields":[],"objectId":"9352","subObjectId":"-1"},{"fields":[],"objectId":"20","subObjectId":"-1"}],"type":"ViewName"},{"rows":[{"fields":[],"objectId":"9344","subObjectId":"-1"},{"fields":[],"objectId":"9345","subObjectId":"-1"},{"fields":[],"objectId":"9346","subObjectId":"-1"},{"fields":[],"objectId":"9358","subObjectId":"-1"},{"fields":[],"objectId":"9359","subObjectId":"-1"}],"type":"StatusState"},{"rows":[{"fields":[],"objectId":"9349","subObjectId":"-1"},{"fields":[],"objectId":"9350","subObjectId":"-1"},{"fields":[],"objectId":"9362","subObjectId":"-1"},{"fields":[],"objectId":"9363","subObjectId":"-1"}],"type":"StatusAction"},{"rows":[{"fields":[],"objectId":"9380","subObjectId":"-1"},{"fields":[],"objectId":"9382","subObjectId":"-1"}],"type":"ReportName"},{"rows":[],"type":"CategoryName"}]},"schema":{"groups":[{"childLocalId":"9291","vtComponentLocalId":"9292"},{"childLocalId":"9294","vtComponentLocalId":"9292"},{"childLocalId":"9295","vtComponentLocalId":"9292"},{"childLocalId":"9296","vtComponentLocalId":"9292"},{"childLocalId":"9297","vtComponentLocalId":"9292"},{"childLocalId":"9298","vtComponentLocalId":"9292"},{"childLocalId":"9308","vtComponentLocalId":"9292"},{"childLocalId":"9309","vtComponentLocalId":"9292"},{"childLocalId":"9310","vtComponentLocalId":"9292"},{"childLocalId":"9299","vtComponentLocalId":"9300"},{"childLocalId":"9301","vtComponentLocalId":"9300"},{"childLocalId":"9302","vtComponentLocalId":"9300"},{"childLocalId":"9303","vtComponentLocalId":"9300"},{"childLocalId":"9304","vtComponentLocalId":"9300"},{"childLocalId":"9305","vtComponentLocalId":"9300"},{"childLocalId":"9307","vtComponentLocalId":"9364"},{"childLocalId":"9341","vtComponentLocalId":"9364"},{"childLocalId":"9342","vtComponentLocalId":"9364"},{"childLocalId":"9343","vtComponentLocalId":"9364"},{"childLocalId":"9366","vtComponentLocalId":"9365"},{"childLocalId":"9367","vtComponentLocalId":"9365"},{"childLocalId":"9368","vtComponentLocalId":"9365"},{"childLocalId":"9369","vtComponentLocalId":"9365"},{"childLocalId":"9370","vtComponentLocalId":"9365"},{"childLocalId":"9371","vtComponentLocalId":"9365"},{"childLocalId":"9375","vtComponentLocalId":"9365"},{"childLocalId":"9378","vtComponentLocalId":"9365"}],"revision":null,"subTable":{"9319":{"fieldList":{"9315":{"id":"9315","label":"Unit","properties":{"defaultValue":null,"digit":"false","displayScale":null,"max":null,"min":null,"noLabel":"false","required":"false","roundingMode":null,"scale":null,"unique":"false","unit":"","unitPosition":"BEFORE"},"type":"DECIMAL","var":"Unit"},"9316":{"id":"9316","label":"Description","properties":{"defaultValue":"","expression":"","hideExpression":"false","max":null,"min":null,"noLabel":"false","required":"false","unique":"false"},"type":"SINGLE_LINE_TEXT","var":"Description"},"9317":{"id":"9317","label":"Unit Price ($)","properties":{"defaultValue":null,"digit":"false","displayScale":null,"max":null,"min":null,"noLabel":"false","required":"false","roundingMode":null,"scale":null,"unique":"false","unit":"$","unitPosition":"BEFORE"},"type":"DECIMAL","var":"Unit_Price"},"9318":{"id":"9318","label":"Amount ($)","properties":{"defaultValue":null,"digit":"false","displayScale":null,"max":null,"min":null,"noLabel":"false","required":"false","roundingMode":null,"scale":null,"unique":"false","unit":"$","unitPosition":"BEFORE"},"type":"DECIMAL","var":"Amount"}},"id":"9319","label":"Order List","properties":{"noLabel":"false"},"var":"Order_List"}},"table":{"fieldList":{"9282":{"id":"9282","label":"Record number","properties":{"noLabel":"false","required":"true"},"type":"RECORD_ID","var":"Record_number"},"9283":{"id":"9283","label":"Updated by","properties":{"noLabel":"false","required":"true"},"type":"MODIFIER","var":"Updated_by"},"9284":{"id":"9284","label":"Created by","properties":{"noLabel":"false","required":"true"},"type":"CREATOR","var":"Created_by"},"9285":{"id":"9285","label":"Updated datetime","properties":{"noLabel":"false","required":"true"},"type":"MODIFIED_AT","var":"Updated_datetime"},"9286":{"id":"9286","label":"Created datetime","properties":{"noLabel":"false","required":"true"},"type":"CREATED_AT","var":"Created_datetime"},"9287":{"id":"9287","label":"Status","properties":{"noLabel":"false","required":"false"},"type":"STATUS","var":"Status"},"9288":{"id":"9288","label":"Assignee","properties":{"noLabel":"false","required":"false"},"type":"STATUS_ASSIGNEE","var":"Assignee"},"9289":{"id":"9289","label":"Categories","properties":{"noLabel":"false","required":"false"},"type":"CATEGORY","var":"Categories"},"9291":{"id":"9291","label":"Customer Name","properties":{"defaultValue":"","expression":"","hideExpression":"false","max":null,"min":null,"noLabel":"false","required":"false","unique":"false"},"type":"SINGLE_LINE_TEXT","var":"Customer_Name"},"9292":{"id":"9292","label":"Order Info","properties":{"noLabel":"false","open":"true","required":"false"},"type":"GROUP","var":"Order_Info"},"9294":{"id":"9294","label":"Bill To","properties":{"defaultValue":"","expression":"","hideExpression":"false","max":null,"min":null,"noLabel":"false","required":"false","unique":"false"},"type":"SINGLE_LINE_TEXT","var":"Bill_To"},"9295":{"id":"9295","label":"Deliver To","properties":{"defaultValue":"","expression":"","hideExpression":"false","max":null,"min":null,"noLabel":"false","required":"false","unique":"false"},"type":"SINGLE_LINE_TEXT","var":"Deliver_To"},"9296":{"id":"9296","label":"Customer Company Name","properties":{"defaultValue":"","expression":"","hideExpression":"false","max":null,"min":null,"noLabel":"false","required":"false","unique":"false"},"type":"SINGLE_LINE_TEXT","var":"Customer_Company_Name"},"9297":{"id":"9297","label":"Bill To Company","properties":{"defaultValue":"","expression":"","hideExpression":"false","max":null,"min":null,"noLabel":"false","required":"false","unique":"false"},"type":"SINGLE_LINE_TEXT","var":"Bill_To_Company"},"9298":{"id":"9298","label":"Deliver To Company","properties":{"defaultValue":"","expression":"","hideExpression":"false","max":null,"min":null,"noLabel":"false","required":"false","unique":"false"},"type":"SINGLE_LINE_TEXT","var":"Deliver_To_Company"},"9299":{"id":"9299","label":"Start Date","properties":{"defaultExpression":null,"defaultValue":null,"noLabel":"false","required":"false","unique":"false"},"type":"DATE","var":"Start_Date"},"9300":{"id":"9300","label":"Order Detail","properties":{"noLabel":"false","open":"false","required":"false"},"type":"GROUP","var":"Order_Detail"},"9301":{"id":"9301","label":"Cancel Date","properties":{"defaultExpression":null,"defaultValue":null,"noLabel":"false","required":"false","unique":"false"},"type":"DATE","var":"Cancel_Date"},"9302":{"id":"9302","label":"Ordered By","properties":{"defaultValue":"","expression":"","hideExpression":"false","max":null,"min":null,"noLabel":"false","required":"false","unique":"false"},"type":"SINGLE_LINE_TEXT","var":"Ordered_By"},"9303":{"id":"9303","label":"Shipped Via","properties":{"defaultValue":"","expression":"","hideExpression":"false","max":null,"min":null,"noLabel":"false","required":"false","unique":"false"},"type":"SINGLE_LINE_TEXT","var":"Shipped_Via"},"9304":{"id":"9304","label":"FOB","properties":{"defaultValue":"","expression":"","hideExpression":"false","max":null,"min":null,"noLabel":"false","required":"false","unique":"false"},"type":"SINGLE_LINE_TEXT","var":"Fob"},"9305":{"id":"9305","label":"Terms","properties":{"defaultValue":"","expression":"","hideExpression":"false","max":null,"min":null,"noLabel":"false","required":"false","unique":"false"},"type":"SINGLE_LINE_TEXT","var":"Terms"},"9306":{"id":"9306","label":"PO Number","properties":{"defaultValue":"","expression":"","hideExpression":"false","max":"64","min":null,"noLabel":"false","required":"false","unique":"true"},"type":"SINGLE_LINE_TEXT","var":"Po_Number"},"9307":{"id":"9307","label":"PO Received Date","properties":{"defaultExpression":null,"defaultValue":null,"noLabel":"false","required":"false","unique":"false"},"type":"DATE","var":"PO_Received_Date"},"9308":{"id":"9308","label":"Customer Address","properties":{"defaultValue":"","noLabel":"false","required":"false"},"type":"MULTIPLE_LINE_TEXT","var":"Customer_Address"},"9309":{"id":"9309","label":"Bill Address","properties":{"defaultValue":"","noLabel":"false","required":"false"},"type":"MULTIPLE_LINE_TEXT","var":"Bill_Address"},"9310":{"id":"9310","label":"Delivery Address","properties":{"defaultValue":"","noLabel":"false","required":"false"},"type":"MULTIPLE_LINE_TEXT","var":"Delivery_Address"},"9321":{"id":"9321","label":"Subtotal ($)","properties":{"displayScale":null,"expression":"SUM(Amount)","format":"NUMBER","hideExpression":"false","noLabel":"false","required":"false","roundingMode":null,"scale":null,"unit":"$","unitPosition":"BEFORE"},"type":"CALC","var":"Subtotal"},"9322":{"id":"9322","label":"Sales Tax ($)","properties":{"displayScale":null,"expression":"Subtotal*0.12","format":"NUMBER","hideExpression":"false","noLabel":"false","required":"false","roundingMode":null,"scale":null,"unit":"$","unitPosition":"BEFORE"},"type":"CALC","var":"Sales_Tax"},"9323":{"id":"9323","label":"Total Amount ($)","properties":{"displayScale":null,"expression":"Subtotal\u002BSales_Tax","format":"NUMBER","hideExpression":"false","noLabel":"false","required":"false","roundingMode":null,"scale":null,"unit":"","unitPosition":"BEFORE"},"type":"CALC","var":"Total_Amount"},"9341":{"id":"9341","label":"Deadline Awaiting Shipment","properties":{"defaultExpression":null,"defaultValue":null,"noLabel":"false","required":"false","unique":"false"},"type":"DATE","var":"Deadline_Awaiting_Shipment"},"9342":{"id":"9342","label":"Deadline In Progress","properties":{"defaultExpression":null,"defaultValue":null,"noLabel":"false","required":"false","unique":"false"},"type":"DATE","var":"Deadline_In_Progress"},"9343":{"id":"9343","label":"Deadline Resolved","properties":{"defaultExpression":null,"defaultValue":null,"noLabel":"false","required":"false","unique":"false"},"type":"DATE","var":"Deadline_Resolved"},"9353":{"id":"9353","label":"Date","properties":{"defaultExpression":null,"defaultValue":null,"noLabel":"false","required":"false","unique":"false"},"type":"DATE","var":"Date"},"9364":{"id":"9364","label":"DEADLINE INFO","properties":{"noLabel":"false","open":"false","required":"false"},"type":"GROUP","var":"deadline_info"},"9365":{"id":"9365","label":"Process Duration","properties":{"noLabel":"false","open":"false","required":"false"},"type":"GROUP","var":"Process_Duration"},"9366":{"id":"9366","label":"Actual In Progress","properties":{"defaultExpression":null,"defaultValue":null,"noLabel":"false","required":"false","unique":"false"},"type":"DATE","var":"Actual_In_Progress"},"9367":{"id":"9367","label":"Actual Awaiting Shipment","properties":{"defaultExpression":null,"defaultValue":null,"noLabel":"false","required":"false","unique":"false"},"type":"DATE","var":"Actual_Awaiting_Shipment"},"9368":{"id":"9368","label":"Actual Resolved","properties":{"defaultExpression":null,"defaultValue":null,"noLabel":"false","required":"false","unique":"false"},"type":"DATE","var":"Actual_Resolved"},"9369":{"id":"9369","label":"Time In Progress","properties":{"defaultValue":null,"digit":"false","displayScale":null,"max":null,"min":null,"noLabel":"false","required":"false","roundingMode":null,"scale":null,"unique":"false","unit":"Days","unitPosition":"AFTER"},"type":"DECIMAL","var":"Time_In_Progress"},"9370":{"id":"9370","label":"Time Awaiting Shipment","properties":{"defaultValue":null,"digit":"false","displayScale":null,"max":null,"min":null,"noLabel":"false","required":"false","roundingMode":null,"scale":null,"unique":"false","unit":"Days","unitPosition":"AFTER"},"type":"DECIMAL","var":"Time_Awaiting_Shipment"},"9371":{"id":"9371","label":"Time Resolved","properties":{"defaultValue":null,"digit":"false","displayScale":null,"max":null,"min":null,"noLabel":"false","required":"false","roundingMode":null,"scale":null,"unique":"false","unit":"Days","unitPosition":"AFTER"},"type":"DECIMAL","var":"Time_Resolved"},"9375":{"id":"9375","label":"Total Time","properties":{"displayScale":null,"expression":"Time_In_Progress \u002B Time_Awaiting_Shipment \u002B Time_Resolved","format":"NUMBER","hideExpression":"true","noLabel":"false","required":"false","roundingMode":null,"scale":null,"unit":"Days","unitPosition":"AFTER"},"type":"CALC","var":"Total_Time"},"9378":{"id":"9378","label":"Assignee","properties":{"defaultEntities":[],"defaultSelect":[],"entities":[],"noLabel":"false","required":"false","select":[]},"type":"USER_SELECT","var":"customAssignee"}},"id":"1","label":"__ROOT__","properties":null,"var":"__ROOT__"}},"settingsNotesForm":{"content":null,"willBeInherited":null},"status":{"actions":[{"app":null,"assignees":[],"filter":"9347","from":"9344","fromLabel":null,"id":"9349","label":"PO Received","record":null,"revision":null,"to":"9345","toApprovalType":null,"toLabel":null},{"app":null,"assignees":[],"filter":"9348","from":"9345","fromLabel":null,"id":"9350","label":"In Progress","record":null,"revision":null,"to":"9346","toApprovalType":null,"toLabel":null},{"app":null,"assignees":[],"filter":"9360","from":"9346","fromLabel":null,"id":"9362","label":"Awaiting Shipment","record":null,"revision":null,"to":"9358","toApprovalType":null,"toLabel":null},{"app":null,"assignees":[],"filter":"9361","from":"9358","fromLabel":null,"id":"9363","label":"Resolved","record":null,"revision":null,"to":"9359","toApprovalType":null,"toLabel":null}],"filters":[{"condition":"","id":"9347","state":"9344"},{"condition":"","id":"9348","state":"9345"},{"condition":"","id":"9360","state":"9346"},{"condition":"","id":"9361","state":"9358"}],"initialStateId":"9344","states":[{"approvalType":"ONE","assignees":[],"id":"9344","initial":true,"label":"Not started","valid":true},{"approvalType":"ONE","assignees":[],"id":"9345","initial":false,"label":"PO Received","valid":true},{"approvalType":"ANY","assignees":[],"id":"9346","initial":false,"label":"In Progress","valid":true},{"approvalType":"ONE","assignees":[],"id":"9358","initial":false,"label":"Awaiting Shipment","valid":true},{"approvalType":"ONE","assignees":[],"id":"9359","initial":false,"label":"Resolved","valid":true}],"useStatus":"true"},"uuid":"88622692-90c8-4ec9-aa93-e572b085998f","views":[{"advancedMode":"false","builtinType":"ASSIGN","device":null,"fields":[{"row":[{"columnWidth":null,"id":"9282"},{"columnWidth":null,"id":"9291"},{"columnWidth":null,"id":"9294"},{"columnWidth":null,"id":"9295"},{"columnWidth":null,"id":"9296"},{"columnWidth":null,"id":"9297"},{"columnWidth":null,"id":"9298"},{"columnWidth":null,"id":"9299"},{"columnWidth":null,"id":"9301"},{"columnWidth":null,"id":"9302"},{"columnWidth":null,"id":"9303"},{"columnWidth":null,"id":"9304"},{"columnWidth":null,"id":"9305"},{"columnWidth":null,"id":"9306"},{"columnWidth":null,"id":"9307"},{"columnWidth":null,"id":"9308"},{"columnWidth":null,"id":"9309"},{"columnWidth":null,"id":"9310"},{"columnWidth":null,"id":"9321"},{"columnWidth":null,"id":"9322"},{"columnWidth":null,"id":"9323"},{"columnWidth":null,"id":"9341"},{"columnWidth":null,"id":"9342"},{"columnWidth":null,"id":"9343"},{"columnWidth":null,"id":"9287"},{"columnWidth":null,"id":"9288"}]}],"filter":{"category":null,"offset":null,"order":[],"q":"f9288 in (LOGINUSER())","size":null,"sort":[]},"html":null,"keyFieldId":null,"name":"(Assigned to me)","pager":null,"revision":null,"titleFieldId":null,"view":"9352","viewType":"LIST"},{"advancedMode":null,"builtinType":"ALL","device":null,"fields":[{"row":[{"columnWidth":null,"id":"9282"},{"columnWidth":null,"id":"9291"},{"columnWidth":null,"id":"9294"},{"columnWidth":null,"id":"9295"},{"columnWidth":null,"id":"9296"},{"columnWidth":null,"id":"9297"},{"columnWidth":null,"id":"9298"},{"columnWidth":null,"id":"9299"},{"columnWidth":null,"id":"9301"},{"columnWidth":null,"id":"9302"},{"columnWidth":null,"id":"9303"},{"columnWidth":null,"id":"9304"},{"columnWidth":null,"id":"9305"},{"columnWidth":null,"id":"9306"},{"columnWidth":null,"id":"9307"},{"columnWidth":null,"id":"9308"},{"columnWidth":null,"id":"9309"},{"columnWidth":null,"id":"9310"},{"columnWidth":null,"id":"9321"},{"columnWidth":null,"id":"9322"},{"columnWidth":null,"id":"9323"},{"columnWidth":null,"id":"9341"},{"columnWidth":null,"id":"9342"},{"columnWidth":null,"id":"9343"},{"columnWidth":null,"id":"9287"},{"columnWidth":null,"id":"9288"},{"columnWidth":null,"id":"9353"},{"columnWidth":null,"id":"9366"},{"columnWidth":null,"id":"9367"},{"columnWidth":null,"id":"9368"},{"columnWidth":null,"id":"9369"},{"columnWidth":null,"id":"9370"},{"columnWidth":null,"id":"9371"},{"columnWidth":null,"id":"9375"},{"columnWidth":null,"id":"9378"}]}],"filter":{"category":null,"offset":null,"order":[],"q":null,"size":null,"sort":[]},"html":null,"keyFieldId":null,"name":"(All records)","pager":null,"revision":null,"titleFieldId":null,"view":"20","viewType":"LIST"}]}],"description":"This app is the purchase order app that will contain PO that is converted from the excel invoice","iconKey":"20240628033725195D511202F34CA29E40A0837059FE2C278","iconMeta":{"internalName":null,"mime":"image/png","name":"target.png"},"iconSrcAppId":"88622692-90c8-4ec9-aa93-e572b085998f","iconType":"BLOB","imagesMeta":[],"lookups":[],"name":"Purchase Order APP","references":[],"version":"41"}