{"actions":[],"apps":[{"acl":{"app":[],"field":[],"record":[]},"app":null,"category":{"categories":[],"useCategory":"false"},"form":{"layout":"[{\"id\":null,\"type\":\"ROW\",\"isSubTable\":false,\"var\":null,\"label\":null,\"controlList\":[{\"label\":\"\\u003Cdiv\\u003EPlease upload the PO in excel format.\\u003C/div\\u003E\",\"styleMap\":{\"width\":654},\"formatted\":\"\\u003Cdiv\\u003EPlease upload the PO in excel format.\\u003C/div\\u003E\",\"type\":\"LABEL\"}]},{\"id\":null,\"type\":\"ROW\",\"isSubTable\":false,\"var\":null,\"label\":null,\"controlList\":[{\"isVirtical\":true,\"styleMap\":{\"width\":132},\"type\":\"DATE\",\"var\":\"Received_Date\",\"label\":\"Received Date\"},{\"isVirtical\":true,\"styleMap\":{\"width\":537},\"type\":\"FILE\",\"var\":\"Excel_Attachment\",\"label\":\"Excel Attachment\"}]},{\"id\":null,\"type\":\"ROW\",\"isSubTable\":false,\"var\":null,\"label\":null,\"controlList\":[{\"isVirtical\":true,\"styleMap\":{\"width\":654,\"height\":162,\"innerHeight\":125},\"type\":\"MULTIPLE_LINE_TEXT\",\"var\":\"Notes\",\"label\":\"Notes\"}]},{\"id\":null,\"type\":\"ROW\",\"isSubTable\":false,\"var\":null,\"label\":null,\"controlList\":[{\"styleMap\":{\"width\":654,\"height\":66},\"elementId\":\"\",\"type\":\"SPACER\"}]},{\"id\":null,\"type\":\"ROW\",\"isSubTable\":false,\"var\":null,\"label\":null,\"controlList\":[{\"isVirtical\":true,\"styleMap\":{\"width\":196},\"type\":\"CREATED_AT\",\"var\":\"Created_datetime\",\"label\":\"Created datetime\"},{\"isVirtical\":true,\"styleMap\":{\"width\":136},\"type\":\"CREATOR\",\"var\":\"Created_by\",\"label\":\"Created by\"},{\"isVirtical\":true,\"styleMap\":{\"width\":193},\"type\":\"SINGLE_LINE_TEXT\",\"var\":\"uploaded\",\"label\":\"uploaded\"}]},{\"id\":null,\"type\":\"ROW\",\"isSubTable\":false,\"var\":null,\"label\":null,\"controlList\":[{\"isVirtical\":true,\"styleMap\":{\"width\":136},\"type\":\"MODIFIER\",\"var\":\"Updated_by\",\"label\":\"Updated by\"},{\"isVirtical\":true,\"styleMap\":{\"width\":196},\"type\":\"MODIFIED_AT\",\"var\":\"Updated_datetime\",\"label\":\"Updated datetime\"},{\"isVirtical\":true,\"styleMap\":{\"width\":120},\"type\":\"RECORD_ID\",\"var\":\"Record_number\",\"label\":\"Record number\"}]}]","revision":null},"iconMeta":{"internalName":null,"mime":"image/png","name":"checklist.png"},"info":{"automaticallyChooseTitleComponent":"true","code":null,"decimalPrecision":"16","decimalScale":"4","description":"","enableBulkDeletion":"true","enableRecordReuse":"true","fiscalYearStartMonth":"1","iconKey":"9669","iconType":"BLOB","jsFiles":null,"jsScope":"ALL","name":"Order Management APP","roundingMode":"HALF_EVEN","theme":"BLACK","titleComponentLocalId":null,"useComment":"true","useHistory":"true","useInlineEditAndDelete":"true","useThumbnail":"true"},"jsFiles":[{"jsFileMetas":[{"internalName":null,"locationType":"URL","mime":null,"name":null,"url":"https://js.kintone.com/jquery/3.5.1/jquery.min.js"},{"internalName":null,"locationType":"URL","mime":null,"name":null,"url":"https://js.kintone.com/spinjs/2.3.2/spin.min.js"},{"internalName":null,"locationType":"URL","mime":null,"name":null,"url":"https://js.kintone.com/sweetalert2/v9.10.7/sweetalert2.min.js"},{"internalName":null,"locationType":"URL","mime":null,"name":null,"url":"https://js.kintone.com/luxon/2.0.1/luxon.min.js"},{"internalName":null,"locationType":"URL","mime":null,"name":null,"url":"https://js.kintone.com/jqueryui/1.13.2/jquery-ui.min.js"},{"internalName":null,"locationType":"URL","mime":null,"name":null,"url":"https://unpkg.com/@kintone/rest-api-client@latest/umd/KintoneRestAPIClient.min.js"},{"internalName":null,"locationType":"URL","mime":null,"name":null,"url":"https://cdnjs.cloudflare.com/ajax/libs/xlsx/0.18.5/xlsx.full.min.js"},{"internalName":null,"locationType":"URL","mime":null,"name":null,"url":"https://js.kintone.com/datatables/v1.10.20/js/jquery.dataTables.min.js"},{"internalName":null,"locationType":"URL","mime":null,"name":null,"url":"https://unpkg.com/kintone-ui-component/umd/kuc.min.js"},{"internalName":null,"locationType":"URL","mime":null,"name":null,"url":"https://cdn.jsdelivr.net/npm/bootstrap@4.0.0/dist/js/bootstrap.min.js"},{"internalName":null,"locationType":"BLOB","mime":"application/javascript","name":"init.js","url":null},{"internalName":null,"locationType":"BLOB","mime":"application/javascript","name":"functions.js","url":null},{"internalName":null,"locationType":"BLOB","mime":"application/javascript","name":"main.js","url":null}],"jsType":"DESKTOP"},{"jsFileMetas":[{"internalName":null,"locationType":"URL","mime":null,"name":null,"url":"https://js.kintone.com/sweetalert2/v9.10.7/sweetalert2.min.css"},{"internalName":null,"locationType":"URL","mime":null,"name":null,"url":"https://js.kintone.com/jqueryui/1.13.2/themes/smoothness/jquery-ui.css"},{"internalName":null,"locationType":"URL","mime":null,"name":null,"url":"https://js.kintone.com/datatables/v1.10.20/css/jquery.dataTables.min.css"},{"internalName":null,"locationType":"URL","mime":null,"name":null,"url":"https://cdn.jsdelivr.net/npm/bootstrap@4.0.0/dist/css/bootstrap.min.css"}],"jsType":"MOBILE_CSS"},{"jsFileMetas":[{"internalName":null,"locationType":"URL","mime":null,"name":null,"url":"https://js.kintone.com/jquery/3.5.1/jquery.min.js"},{"internalName":null,"locationType":"URL","mime":null,"name":null,"url":"https://js.kintone.com/spinjs/2.3.2/spin.min.js"},{"internalName":null,"locationType":"URL","mime":null,"name":null,"url":"https://js.kintone.com/sweetalert2/v9.10.7/sweetalert2.min.js"},{"internalName":null,"locationType":"URL","mime":null,"name":null,"url":"https://js.kintone.com/luxon/2.0.1/luxon.min.js"},{"internalName":null,"locationType":"URL","mime":null,"name":null,"url":"https://js.kintone.com/jqueryui/1.13.2/jquery-ui.min.js"},{"internalName":null,"locationType":"URL","mime":null,"name":null,"url":"https://unpkg.com/@kintone/rest-api-client@latest/umd/KintoneRestAPIClient.min.js"},{"internalName":null,"locationType":"URL","mime":null,"name":null,"url":"https://cdnjs.cloudflare.com/ajax/libs/xlsx/0.18.5/xlsx.full.min.js"},{"internalName":null,"locationType":"URL","mime":null,"name":null,"url":"https://js.kintone.com/datatables/v1.10.20/js/jquery.dataTables.min.js"},{"internalName":null,"locationType":"URL","mime":null,"name":null,"url":"https://unpkg.com/kintone-ui-component/umd/kuc.min.js"},{"internalName":null,"locationType":"URL","mime":null,"name":null,"url":"https://cdn.jsdelivr.net/npm/bootstrap@4.0.0/dist/js/bootstrap.min.js"},{"internalName":null,"locationType":"BLOB","mime":"application/javascript","name":"init.js","url":null},{"internalName":null,"locationType":"BLOB","mime":"application/javascript","name":"functions.js","url":null},{"internalName":null,"locationType":"BLOB","mime":"application/javascript","name":"main.js","url":null}],"jsType":"MOBILE"},{"jsFileMetas":[{"internalName":null,"locationType":"URL","mime":null,"name":null,"url":"https://js.kintone.com/sweetalert2/v9.10.7/sweetalert2.min.css"},{"internalName":null,"locationType":"URL","mime":null,"name":null,"url":"https://js.kintone.com/jqueryui/1.13.2/themes/smoothness/jquery-ui.css"},{"internalName":null,"locationType":"URL","mime":null,"name":null,"url":"https://js.kintone.com/datatables/v1.10.20/css/jquery.dataTables.min.css"},{"internalName":null,"locationType":"URL","mime":null,"name":null,"url":"https://cdn.jsdelivr.net/npm/bootstrap@4.0.0/dist/css/bootstrap.min.css"}],"jsType":"DESKTOP_CSS"}],"notification":{"appNotifications":[{"events":["RECORD_COMMENT_ADDED"],"target":{"entityId":"9269","entityType":"FIELD_ENTITY","includeSubs":"false"}},{"events":["RECORD_COMMENT_ADDED"],"target":{"entityId":"9270","entityType":"FIELD_ENTITY","includeSubs":"false"}}],"recordNotifications":[],"reminderTimezone":null,"reminders":[],"useComment":"true","useReminder":"false"},"plugins":[],"reports":[],"resource":{"tables":[{"rows":[{"fields":[],"objectId":"0","subObjectId":"-1"}],"type":"AppName"},{"rows":[{"fields":[],"objectId":"0","subObjectId":"-1"}],"type":"AppDescription"},{"rows":[{"fields":[],"objectId":"9268","subObjectId":"-1"},{"fields":[],"objectId":"9269","subObjectId":"-1"},{"fields":[],"objectId":"9270","subObjectId":"-1"},{"fields":[],"objectId":"9271","subObjectId":"-1"},{"fields":[],"objectId":"9272","subObjectId":"-1"},{"fields":[],"objectId":"9273","subObjectId":"-1"},{"fields":[],"objectId":"9274","subObjectId":"-1"},{"fields":[],"objectId":"9275","subObjectId":"-1"},{"fields":[],"objectId":"9355","subObjectId":"-1"},{"fields":[],"objectId":"9356","subObjectId":"-1"},{"fields":[],"objectId":"9357","subObjectId":"-1"},{"fields":[],"objectId":"9376","subObjectId":"-1"}],"type":"FieldLabel"},{"rows":[{"fields":[],"objectId":"20","subObjectId":"-1"}],"type":"ViewName"},{"rows":[],"type":"CategoryName"}]},"schema":{"groups":[],"revision":null,"subTable":{},"table":{"fieldList":{"9268":{"id":"9268","label":"Record number","properties":{"noLabel":"false","required":"true"},"type":"RECORD_ID","var":"Record_number"},"9269":{"id":"9269","label":"Updated by","properties":{"noLabel":"false","required":"true"},"type":"MODIFIER","var":"Updated_by"},"9270":{"id":"9270","label":"Created by","properties":{"noLabel":"false","required":"true"},"type":"CREATOR","var":"Created_by"},"9271":{"id":"9271","label":"Updated datetime","properties":{"noLabel":"false","required":"true"},"type":"MODIFIED_AT","var":"Updated_datetime"},"9272":{"id":"9272","label":"Created datetime","properties":{"noLabel":"false","required":"true"},"type":"CREATED_AT","var":"Created_datetime"},"9273":{"id":"9273","label":"Status","properties":{"noLabel":"false","required":"false"},"type":"STATUS","var":"Status"},"9274":{"id":"9274","label":"Assignee","properties":{"noLabel":"false","required":"false"},"type":"STATUS_ASSIGNEE","var":"Assignee"},"9275":{"id":"9275","label":"Categories","properties":{"noLabel":"false","required":"false"},"type":"CATEGORY","var":"Categories"},"9355":{"id":"9355","label":"Received Date","properties":{"defaultExpression":"NOW","defaultValue":null,"noLabel":"false","required":"false","unique":"false"},"type":"DATE","var":"Received_Date"},"9356":{"id":"9356","label":"Excel Attachment","properties":{"noLabel":"false","required":"false","thumbnailSize":"250"},"type":"FILE","var":"Excel_Attachment"},"9357":{"id":"9357","label":"Notes","properties":{"defaultValue":"","noLabel":"false","required":"false"},"type":"MULTIPLE_LINE_TEXT","var":"Notes"},"9376":{"id":"9376","label":"uploaded","properties":{"defaultValue":"false","expression":"","hideExpression":"false","max":null,"min":null,"noLabel":"false","required":"false","unique":"false"},"type":"SINGLE_LINE_TEXT","var":"uploaded"}},"id":"1","label":"__ROOT__","properties":null,"var":"__ROOT__"}},"settingsNotesForm":{"content":null,"willBeInherited":null},"status":{"actions":[],"filters":[],"initialStateId":null,"states":[],"useStatus":"false"},"uuid":"e844d519-b0c2-40c2-ab98-c36064c780cb","views":[{"advancedMode":null,"builtinType":"ALL","device":null,"fields":[{"row":[{"columnWidth":null,"id":"9268"},{"columnWidth":null,"id":"9355"},{"columnWidth":null,"id":"9356"},{"columnWidth":null,"id":"9357"},{"columnWidth":null,"id":"9376"}]}],"filter":{"category":null,"offset":null,"order":[],"q":null,"size":null,"sort":[]},"html":null,"keyFieldId":null,"name":"(All records)","pager":null,"revision":null,"titleFieldId":null,"view":"20","viewType":"LIST"}]}],"description":"This is the order management app that will be used to upload the PO in excel format into the purchasing order app","iconKey":"20240628033145CD0E97B85A0C4721BEAD3927535C0DDA328","iconMeta":{"internalName":null,"mime":"image/png","name":"checklist.png"},"iconSrcAppId":"e844d519-b0c2-40c2-ab98-c36064c780cb","iconType":"BLOB","imagesMeta":[],"lookups":[],"name":"Order Management APP","references":[],"version":"41"}